{"cameraMode":{"drawMode":0,"name":"Shaded","section":"Shading Mode"},"sceneLighting":true,"audioPlay":false,"sceneViewState":{"m_AlwaysRefresh":false,"showFog":true,"showSkybox":true,"showFlares":true,"showImageEffects":true,"showParticleSystems":true,"showVisualEffectGraphs":true,"m_FxEnabled":true},"in2DMode":false,"pivot":{"x":1.1682965755462647,"y":-0.15846896171569825,"z":1.017852783203125},"rotation":{"x":0.2544443607330322,"y":-0.0922098234295845,"z":0.024379273876547815,"w":0.9623816013336182},"size":9.550000190734864,"orthographic":false}