{"cameraMode":{"drawMode":0,"name":"Shaded","section":"Shading Mode"},"sceneLighting":true,"audioPlay":false,"sceneViewState":{"m_AlwaysRefresh":false,"showFog":true,"showSkybox":true,"showFlares":true,"showImageEffects":true,"showParticleSystems":true,"showVisualEffectGraphs":true,"m_FxEnabled":true},"in2DMode":false,"pivot":{"x":1.0495615005493165,"y":2.59234881401062,"z":0.16621363162994386},"rotation":{"x":0.2544443607330322,"y":-0.0922098234295845,"z":0.024379273876547815,"w":0.9623816013336182},"size":2.8510782718658449,"orthographic":false}