{"cameraMode":{"drawMode":0,"name":"Shaded","section":"Shading Mode"},"sceneLighting":true,"audioPlay":false,"sceneViewState":{"m_AlwaysRefresh":false,"showFog":true,"showSkybox":true,"showFlares":true,"showImageEffects":true,"showParticleSystems":true,"showVisualEffectGraphs":true,"m_FxEnabled":true},"in2DMode":false,"pivot":{"x":7.0395050048828129,"y":0.7831413745880127,"z":0.11100232601165772},"rotation":{"x":0.11096037179231644,"y":0.8888326287269592,"z":-0.32651087641716006,"w":0.3018529415130615},"size":12.609395980834961,"orthographic":false}