{"cameraMode":{"drawMode":0,"name":"Shaded","section":"Shading Mode"},"sceneLighting":true,"audioPlay":false,"sceneViewState":{"m_AlwaysRefresh":false,"showFog":true,"showSkybox":true,"showFlares":true,"showImageEffects":true,"showParticleSystems":true,"showVisualEffectGraphs":true,"m_FxEnabled":true},"in2DMode":false,"pivot":{"x":4.437912464141846,"y":-0.5101640224456787,"z":-0.9750287532806397},"rotation":{"x":0.2544443607330322,"y":-0.0922098234295845,"z":0.024379273876547815,"w":0.9623816013336182},"size":6.1187543869018559,"orthographic":false}