{"cameraMode":{"drawMode":0,"name":"Shaded","section":"Shading Mode"},"sceneLighting":true,"audioPlay":false,"sceneViewState":{"showFog":true,"showMaterialUpdate":false,"showSkybox":true,"showFlares":true,"showImageEffects":true,"showParticleSystems":true},"in2DMode":false,"pivot":{"x":1.0066709518432618,"y":3.0071985721588136,"z":7.661581993103027},"rotation":{"x":0.23087532818317414,"y":-0.335584431886673,"z":0.08520887047052384,"w":0.9093381762504578},"size":4.320653915405273,"orthographic":false}