{"cameraMode":{"drawMode":0,"name":"Shaded","section":"Shading Mode"},"sceneLighting":true,"audioPlay":false,"sceneViewState":{"showFog":true,"showMaterialUpdate":false,"showSkybox":true,"showFlares":true,"showImageEffects":true,"showParticleSystems":true},"in2DMode":false,"pivot":{"x":-1.2474029064178467,"y":1.8518760204315186,"z":2.19925594329834},"rotation":{"x":-0.1148926243185997,"y":-0.0010305979521945119,"z":0.00009841917199082673,"w":-0.9934176802635193},"size":4.718132495880127,"orthographic":false}