{"cameraMode":{"drawMode":0,"name":"Shaded","section":"Shading Mode"},"sceneLighting":true,"audioPlay":false,"sceneViewState":{"showFog":true,"showMaterialUpdate":false,"showSkybox":true,"showFlares":true,"showImageEffects":true,"showParticleSystems":true},"in2DMode":false,"pivot":{"x":-1.5434298515319825,"y":-2.0846657752990724,"z":9.789655685424805},"rotation":{"x":-0.19094295799732209,"y":0.10038476437330246,"z":-0.019650006666779519,"w":-0.9762983322143555},"size":4.732385158538818,"orthographic":false}