{"cameraMode":{"drawMode":0,"name":"Shaded","section":"Shading Mode"},"sceneLighting":true,"audioPlay":false,"sceneViewState":{"showFog":true,"showMaterialUpdate":false,"showSkybox":true,"showFlares":true,"showImageEffects":true,"showParticleSystems":true},"in2DMode":false,"pivot":{"x":-0.10993394255638123,"y":2.45395827293396,"z":3.166250228881836},"rotation":{"x":-0.0033567671198397876,"y":-0.025036852806806566,"z":-0.0000938286684686318,"w":0.9997187256813049},"size":3.007746458053589,"orthographic":false}