{"cameraMode":{"drawMode":0,"name":"Shaded","section":"Shading Mode"},"sceneLighting":true,"audioPlay":false,"sceneViewState":{"showFog":true,"showMaterialUpdate":false,"showSkybox":true,"showFlares":true,"showImageEffects":true,"showParticleSystems":true},"in2DMode":false,"pivot":{"x":0.307463675737381,"y":-0.8402783870697022,"z":10.329418182373047},"rotation":{"x":-0.13571353256702424,"y":-0.01440341118723154,"z":0.0019523629453033209,"w":-0.990682065486908},"size":5.317806720733643,"orthographic":false}